WKT,name,description
"POLYGON ((106.778824 -6.3169747, 106.7786844 -6.3203625, 106.7790277 -6.3258223, 106.7773111 -6.3329881, 106.7721613 -6.3398126, 106.7738779 -6.3490256, 106.769758 -6.3520965, 106.7714746 -6.3565323, 106.7628916 -6.3561911, 106.7587717 -6.3606268, 106.7470987 -6.360968, 106.7453821 -6.3746162, 106.7467554 -6.3855345, 106.7443521 -6.3906524, 106.7416056 -6.4056645, 106.7374857 -6.406688, 106.7333658 -6.4179468, 106.7316492 -6.4298876, 106.7350824 -6.4336404, 106.7319925 -6.447969, 106.7402323 -6.4476278, 106.7766245 -6.4455809, 106.8030603 -6.4459221, 106.8318994 -6.4452397, 106.8500955 -6.4663908, 106.887861 -6.4568388, 106.8933542 -6.4411459, 106.898504 -6.4053233, 106.9160135 -6.4053233, 106.9304331 -6.3995232, 106.9328363 -6.3775164, 106.9206484 -6.3855345, 106.9139616 -6.3923323, 106.8978255 -6.39165, 106.8978255 -6.3897734, 106.9139616 -6.3906264, 106.9146267 -6.3879951, 106.9153133 -6.3647935, 106.9063869 -6.3603578, 106.9046703 -6.365476, 106.8978038 -6.3695704, 106.8902507 -6.368888, 106.8833843 -6.3702528, 106.8789211 -6.3610403, 106.871368 -6.360699, 106.8744579 -6.3576282, 106.8706813 -6.3531924, 106.8658748 -6.3548985, 106.8620983 -6.354216, 106.8569484 -6.3528512, 106.8566051 -6.3480741, 106.8531719 -6.3422734, 106.8504253 -6.3371551, 106.8456188 -6.341591, 106.8387523 -6.3409085, 106.8366924 -6.3439795, 106.8380657 -6.3467093, 106.8390957 -6.3514863, 106.8366924 -6.3518275, 106.8353191 -6.3552397, 106.8311992 -6.3552397, 106.817123 -6.3562633, 106.8147197 -6.3586518, 106.8092266 -6.3641111, 106.8051067 -6.3630875, 106.8003002 -6.365476, 106.7934337 -6.3644523, 106.7934337 -6.358993, 106.7930904 -6.3484154, 106.7961803 -6.3453444, 106.7989269 -6.3426146, 106.7980501 -6.3388135, 106.8028566 -6.3313066, 106.8062898 -6.3237995, 106.8090364 -6.3135623, 106.7973634 -6.3149273, 106.778824 -6.3169747))",Polygon 1 (Kota Administrasi Depok, Jawa Barat),
